id,campaign_id,type,date,label
cd332fc2-6bad-45b9-9f48-64ae39dd753f,22222222-2222-2222-2222-222222222201,comp,2026-05-08T05:00:00.000Z,W1 comp
cf0f5d99-daad-44ec-9087-afd6ee6c042e,22222222-2222-2222-2222-222222222201,launch,2026-05-13T05:00:00.000Z,Prop 28 W1
231d93ad-b1f3-4fcb-8bbe-534bf8d8e467,22222222-2222-2222-2222-222222222201,launch,2026-05-20T05:00:00.000Z,Prop 28 W2
6b4b4c70-7955-4388-b6e5-d21d8c925d78,22222222-2222-2222-2222-222222222201,launch,2026-05-27T05:00:00.000Z,Prop 28 W3
8752a4ee-d983-4f6d-998b-e073a20e09b8,22222222-2222-2222-2222-222222222201,comp,2026-06-05T05:00:00.000Z,W4 comp
c4eace70-0352-4eb1-b523-a33ba149d35f,22222222-2222-2222-2222-222222222201,launch,2026-06-10T05:00:00.000Z,Prop 28 W4
cf1ff478-1d99-4275-a5f2-769eb2fc13b3,22222222-2222-2222-2222-222222222201,launch,2026-06-17T05:00:00.000Z,Prop 28 W5
7c54966a-178d-4d3c-ba42-927c5970336a,22222222-2222-2222-2222-222222222201,launch,2026-06-24T05:00:00.000Z,Prop 28 W6
2af7b87a-a9ae-4bd3-8368-0559a4a66e90,22222222-2222-2222-2222-222222222201,launch,2026-07-01T05:00:00.000Z,Prop 28 W7
a522e774-8fa0-4bf6-8207-d02d3d5891c2,22222222-2222-2222-2222-222222222201,launch,2026-07-08T05:00:00.000Z,Prop 28 W8
9d05581a-8990-45b5-851d-4d993d75c0a3,22222222-2222-2222-2222-222222222202,comp,2026-06-12T05:00:00.000Z,TXFN review
cecd368b-a606-4658-8224-f690324abc04,22222222-2222-2222-2222-222222222202,launch,2026-06-19T05:00:00.000Z,TXFN wk1
7ac2794c-d025-48dd-ab85-e9d5aa790277,22222222-2222-2222-2222-222222222202,launch,2026-06-26T05:00:00.000Z,TXFN wk2
019494cb-1a40-4d0b-8e1a-92c616bbccd2,22222222-2222-2222-2222-222222222202,launch,2026-07-03T05:00:00.000Z,TXFN wk3
f6342030-c3e3-41b2-9f0f-281f96495fcb,22222222-2222-2222-2222-222222222202,launch,2026-07-10T05:00:00.000Z,TXFN wk4
22306d29-5cd3-4738-833c-c4e0bf725c9e,22222222-2222-2222-2222-222222222203,comp,2026-06-10T05:00:00.000Z,GB comp
89d35347-bccd-4485-b5e8-ae7d04c3c997,22222222-2222-2222-2222-222222222203,launch,2026-06-17T05:00:00.000Z,GB banner
47956541-bc71-42c6-b582-cc0d9aab07c8,22222222-2222-2222-2222-222222222203,launch,2026-07-15T05:00:00.000Z,GB refresh
9eb7851f-c7cb-4d32-b79f-7010fd79b4c5,22222222-2222-2222-2222-222222222204,comp,2026-06-18T05:00:00.000Z,JRClancy comp
92802bb7-cdf6-4998-8bf3-0d0b2dc203b5,22222222-2222-2222-2222-222222222204,launch,2026-06-24T05:00:00.000Z,Rigging email
ce9b0a34-ad48-4739-b664-b8001edad7aa,22222222-2222-2222-2222-222222222205,comp,2026-06-13T05:00:00.000Z,Spikemark comp
395bf608-da64-4a73-86c7-36ddfb6a49e8,22222222-2222-2222-2222-222222222205,launch,2026-06-22T05:00:00.000Z,Spikemark
74c7d53f-60a4-4236-93ee-ffb2995c37d2,22222222-2222-2222-2222-222222222206,comp,2026-06-15T05:00:00.000Z,PUPN-W comp
b6cd143b-a535-4afa-ae57-ec3c1862dd4e,22222222-2222-2222-2222-222222222206,launch,2026-06-29T05:00:00.000Z,PUPN Wenger
d43c52c0-f200-4a16-aca7-40e330679e6b,22222222-2222-2222-2222-222222222207,comp,2026-06-16T05:00:00.000Z,PUPN-G comp
c5515f8f-3f7d-4e74-9396-47d3152749d0,22222222-2222-2222-2222-222222222207,launch,2026-07-06T05:00:00.000Z,PUPN GearBoss
00a11b20-2312-4177-8707-ba8656810bb2,22222222-2222-2222-2222-222222222208,launch,2026-05-21T05:00:00.000Z,TXS search
a8dae3e6-9222-490b-a401-2d7d33466aaa,22222222-2222-2222-2222-222222222208,launch,2026-07-09T05:00:00.000Z,TXS search
4ddb461a-22d6-45ea-b914-7abd36a8c523,b4652d2b-becc-403c-93af-df1bb07bd956,launch,2026-06-08T05:00:00.000Z,Announce + giveaway
e8b5bac0-6bcd-4806-bbcc-c29407ab3f20,b4652d2b-becc-403c-93af-df1bb07bd956,comp,2026-05-29T05:00:00.000Z,Comp/proof due
a571e599-fcec-430f-b0ce-d96ba8ad3409,28817bb9-4107-4367-b4a9-4446a40fc2ee,launch,2026-06-09T05:00:00.000Z,Email send
31e0c2c5-812d-4a9a-922f-deb38daa6244,28817bb9-4107-4367-b4a9-4446a40fc2ee,comp,2026-05-30T05:00:00.000Z,Comp/proof due
7bff4036-94b3-4551-9bb4-0e4f26d63024,e4672e3d-73f0-4d19-8e33-079a81535e4f,launch,2026-06-15T05:00:00.000Z,Prize spotlight
36394503-2bbc-48ed-aab9-192f7c14b6c9,e4672e3d-73f0-4d19-8e33-079a81535e4f,comp,2026-06-05T05:00:00.000Z,Comp/proof due
9ff85b77-f7d4-4733-a69d-0c2f8428787e,5ceb8111-4326-4263-9af4-5ebf8e100138,launch,2026-06-22T05:00:00.000Z,Problem carousel
ef8bf31e-3db9-4bb9-8610-7742afc19586,5ceb8111-4326-4263-9af4-5ebf8e100138,comp,2026-06-12T05:00:00.000Z,Comp/proof due
34289547-1e80-4d4d-b54f-9104568a6110,71bf37b2-1930-44b3-9055-3661d6d1df5c,launch,2026-06-23T05:00:00.000Z,Email send
eb6e19b3-e4d0-464a-9325-66b4e0487795,71bf37b2-1930-44b3-9055-3661d6d1df5c,comp,2026-06-13T05:00:00.000Z,Comp/proof due
54c24ba5-a312-457b-84e5-422ba679eff7,08808d1b-75b9-469a-935e-00da8b481ee4,launch,2026-06-29T05:00:00.000Z,Value clip
b5f2efe0-23b0-4352-9a48-2ce0114d348e,08808d1b-75b9-469a-935e-00da8b481ee4,comp,2026-06-19T05:00:00.000Z,Comp/proof due
3a1a3527-8d5e-4cd6-86c6-187374f245d8,23c3c1a8-1b61-4769-8e1e-661d97d4c365,launch,2026-07-06T05:00:00.000Z,Booth reveal
9f23da40-9d7e-4795-8301-2a653727d882,23c3c1a8-1b61-4769-8e1e-661d97d4c365,comp,2026-06-26T05:00:00.000Z,Comp/proof due
7560862c-56eb-4564-9b45-a04f47e1f713,303467a5-a7a4-42d9-b7e8-b6edc4ca1ba1,launch,2026-07-07T05:00:00.000Z,Email send
e5a33ba3-c3c0-4311-986f-909cc7c5bf6a,303467a5-a7a4-42d9-b7e8-b6edc4ca1ba1,comp,2026-06-27T05:00:00.000Z,Comp/proof due
b29c25d2-abbe-4998-8065-16bb5b60ffe5,9f92b8f1-9358-4995-8704-4a78f495b8d8,launch,2026-07-13T05:00:00.000Z,Countdown
51751d36-1375-4666-afa2-12a7d7bb9fb9,9f92b8f1-9358-4995-8704-4a78f495b8d8,comp,2026-07-03T05:00:00.000Z,Comp/proof due
5311ecc7-d586-424f-a785-ce82705e1212,0e666139-5cf3-4e4a-8261-23124b8c0315,launch,2026-07-16T05:00:00.000Z,Email send
0aaa3364-53fb-43f2-9f5a-edd9d3c306a9,0e666139-5cf3-4e4a-8261-23124b8c0315,comp,2026-07-06T05:00:00.000Z,Comp/proof due
4eb59ef3-e11b-419a-a3bb-f51ff0fc1071,2c42ca46-4e52-4264-a934-adbf09c28c4a,launch,2026-07-19T05:00:00.000Z,Day 1 live
02a20667-a776-4f18-967f-24479aa89cd3,2c42ca46-4e52-4264-a934-adbf09c28c4a,comp,2026-07-09T05:00:00.000Z,Comp/proof due
f1f33501-42f6-4573-bf03-7829fdb5ed68,e2ef504b-b82c-47ad-895b-959d9a0a2e7d,launch,2026-07-20T05:00:00.000Z,Email send
36d88980-f4c5-4050-b423-d7cc795c60cb,e2ef504b-b82c-47ad-895b-959d9a0a2e7d,comp,2026-07-10T05:00:00.000Z,Comp/proof due
722323b4-e57f-4fdb-b865-3d35bff10743,a61aa7f0-3909-4323-81e1-ae1d9a8165fe,launch,2026-07-20T05:00:00.000Z,Day 2 UGC
beaceb7c-245d-48a0-8117-628aaa7cbb51,a61aa7f0-3909-4323-81e1-ae1d9a8165fe,comp,2026-07-10T05:00:00.000Z,Comp/proof due
4148ed5f-3f1a-413e-8a37-97dc9d8936f9,303b02b5-9acb-4585-ab1d-c5f6f6babe17,launch,2026-07-21T05:00:00.000Z,Day 3 + winner
b0ebf036-8f65-4589-8acb-45f04e9479fd,303b02b5-9acb-4585-ab1d-c5f6f6babe17,comp,2026-07-11T05:00:00.000Z,Comp/proof due
21b7cdfa-93a5-4cef-885a-9e860c1c6704,14c4d982-ea91-4b94-9a29-808fb14c61b9,launch,2026-07-22T05:00:00.000Z,Email send
3497cbda-19ef-435b-81c9-f4e35a7fe143,14c4d982-ea91-4b94-9a29-808fb14c61b9,comp,2026-07-12T05:00:00.000Z,Comp/proof due
5ea1611a-6a41-4063-a6c0-3fb9dd6fb724,60f92db8-4710-4e99-8e62-201b8ab4c2f9,launch,2026-07-22T05:00:00.000Z,Recap
66bfed28-1a73-46a7-9cdf-2569f50c7702,60f92db8-4710-4e99-8e62-201b8ab4c2f9,comp,2026-07-12T05:00:00.000Z,Comp/proof due
9c2760e4-9d0e-4328-adb2-57a7edb54198,799f9dd5-97a6-4196-8bbf-cd0f79fd213d,launch,2026-07-27T05:00:00.000Z,Value carousel
f68f0861-4cb5-40a4-b3f2-06fef97d2db4,799f9dd5-97a6-4196-8bbf-cd0f79fd213d,comp,2026-07-17T05:00:00.000Z,Comp/proof due
c74bae07-54f7-4d5e-a2da-5baed4e401b2,72ae2533-c0af-4787-944c-a3872a185aca,launch,2026-07-29T05:00:00.000Z,Email send
59fccf11-bb68-4742-bc04-6a782baebcb9,72ae2533-c0af-4787-944c-a3872a185aca,comp,2026-07-19T05:00:00.000Z,Comp/proof due
52ce7621-6a4d-42bb-a126-c31507722627,a93e3356-9a08-47b5-8412-d306b04b0e28,launch,2026-08-12T05:00:00.000Z,Email send
16b398ab-32a1-4ef8-b140-4945a5843ef7,a93e3356-9a08-47b5-8412-d306b04b0e28,comp,2026-08-02T05:00:00.000Z,Comp/proof due
