id,initiative_id,brand_id,name,channel,vendor,segment,owner,sf_code,utm_source,utm_medium,utm_content,sf_id,sf_name,sf_parent_id
22222222-2222-2222-2222-222222222201,11111111-1111-1111-1111-111111111101,wenger,Prop 28 — email waves,Email,N/A (Owned),Elementary; Secondary; Purchasing,Whitney Winkels,WEN-2026-PROP28,email,email,wave4-urgency,,,
22222222-2222-2222-2222-222222222202,11111111-1111-1111-1111-111111111102,corp,TXFN — weekly email,Email,N/A (Owned),TX K-12 Athletics,Mark Mireles,CORP-2026-TXFN-EML,email,email,wave1-urgency,,,
22222222-2222-2222-2222-222222222203,11111111-1111-1111-1111-111111111103,gearboss,AirPro Elite banner,Banner Ads,LinkedIn,Athletic Directors,Pete Veal,GB-2026-ATH,linkedin,display,airpro-elite,,,
22222222-2222-2222-2222-222222222204,11111111-1111-1111-1111-111111111104,jrclancy,Rigging spotlight email,Email Sponsorship,SBO,Theatre Facilities,Whitney Winkels,JRC-2026-RIG,sbo,email,rigging-spotlight,,,
22222222-2222-2222-2222-222222222205,11111111-1111-1111-1111-111111111105,cc,Spikemark control demo,Webinar,Direct,Production Managers,Unassigned,CCN-2026-SPK,webinar,event,spikemark-demo,,,
22222222-2222-2222-2222-222222222206,11111111-1111-1111-1111-111111111106,wenger,PUPN — Wenger feature,Email Sponsorship,PUPN,Facilities Directors,Mark Mireles,WEN-2026-PUPN,pupn,email,facilities-wenger,,,
22222222-2222-2222-2222-222222222207,11111111-1111-1111-1111-111111111106,gearboss,PUPN — GearBoss feature,Email Sponsorship,PUPN,Athletic Facilities,Pete Veal,GB-2026-PUPN,pupn,email,facilities-gearboss,,,
22222222-2222-2222-2222-222222222208,11111111-1111-1111-1111-111111111107,txscenic,Stage systems search,Search Ads,Google,Higher Ed Theatre,Mark Mireles,TXS-2026-SRCH,google,cpc,stage-systems,,,
b4652d2b-becc-403c-93af-df1bb07bd956,5a17cdee-d1f8-4424-8c97-01dedfb77489,gearboss,THSCA – Announce: we’ll be there + cart giveaway,Email,N/A (Owned),Athletics,Mark Mireles,THSCA-EML,salesforce,email,thsca-s1-announce,701Pr00000nXb9UIAS,CONV THSCA Email,
28817bb9-4107-4367-b4a9-4446a40fc2ee,5a17cdee-d1f8-4424-8c97-01dedfb77489,gearboss,THSCA E1 – Save the date / early entry,Email,N/A (Owned),Athletics,Mark Mireles,GB-2026-THSCA-E1,email,email,thsca-e1-savethedate,,,
e4672e3d-73f0-4d19-8e33-079a81535e4f,5a17cdee-d1f8-4424-8c97-01dedfb77489,gearboss,THSCA – Prize spotlight: the Team Cart,Social,N/A (Owned),Athletics,Mark Mireles,GB-2026-THSCA-S2,social,social,thsca-s2-prize,,,
5ceb8111-4326-4263-9af4-5ebf8e100138,5a17cdee-d1f8-4424-8c97-01dedfb77489,gearboss,THSCA – Problem: top 3 equipment-room problems,Social,N/A (Owned),Athletics,Mark Mireles,GB-2026-THSCA-S3,social,social,thsca-s3-problem,,,
71bf37b2-1930-44b3-9055-3661d6d1df5c,5a17cdee-d1f8-4424-8c97-01dedfb77489,gearboss,THSCA E2 – Problem / value,Email,N/A (Owned),Athletics,Mark Mireles,GB-2026-THSCA-E2,email,email,thsca-e2-problem,,,
08808d1b-75b9-469a-935e-00da8b481ee4,5a17cdee-d1f8-4424-8c97-01dedfb77489,gearboss,THSCA – Value: why programs switch to carts,Social,N/A (Owned),Athletics,Mark Mireles,GB-2026-THSCA-S4,social,social,thsca-s4-value,,,
23c3c1a8-1b61-4769-8e1e-661d97d4c365,5a17cdee-d1f8-4424-8c97-01dedfb77489,gearboss,THSCA – Booth reveal + countdown begins,Social,N/A (Owned),Athletics,Mark Mireles,GB-2026-THSCA-S5,social,social,thsca-s5-reveal,,,
303467a5-a7a4-42d9-b7e8-b6edc4ca1ba1,5a17cdee-d1f8-4424-8c97-01dedfb77489,gearboss,THSCA E3 – Plan your visit + booth reveal,Email,N/A (Owned),Athletics,Mark Mireles,GB-2026-THSCA-E3,email,email,thsca-e3-bookvisit,,,
9f92b8f1-9358-4995-8704-4a78f495b8d8,5a17cdee-d1f8-4424-8c97-01dedfb77489,gearboss,THSCA – Countdown (5 days),Social,N/A (Owned),Athletics,Mark Mireles,GB-2026-THSCA-S6,social,social,thsca-s6-countdown,,,
0e666139-5cf3-4e4a-8261-23124b8c0315,5a17cdee-d1f8-4424-8c97-01dedfb77489,gearboss,THSCA E4 – Final pre-show,Email,N/A (Owned),Athletics,Mark Mireles,GB-2026-THSCA-E4,email,email,thsca-e4-final,,,
2c42ca46-4e52-4264-a934-adbf09c28c4a,5a17cdee-d1f8-4424-8c97-01dedfb77489,gearboss,THSCA – Day 1 (live),Social,N/A (Owned),Athletics,Mark Mireles,GB-2026-THSCA-S7,social,social,thsca-s7-day1,,,
e2ef504b-b82c-47ad-895b-959d9a0a2e7d,5a17cdee-d1f8-4424-8c97-01dedfb77489,gearboss,THSCA E5 – Mid-show nudge,Email,N/A (Owned),Athletics,Mark Mireles,GB-2026-THSCA-E5,email,email,thsca-e5-midshow,,,
a61aa7f0-3909-4323-81e1-ae1d9a8165fe,5a17cdee-d1f8-4424-8c97-01dedfb77489,gearboss,THSCA – Day 2 (UGC),Social,N/A (Owned),Athletics,Mark Mireles,GB-2026-THSCA-S8,social,social,thsca-s8-day2,,,
303b02b5-9acb-4585-ab1d-c5f6f6babe17,5a17cdee-d1f8-4424-8c97-01dedfb77489,gearboss,THSCA – Day 3 + winner reveal,Social,N/A (Owned),Athletics,Mark Mireles,GB-2026-THSCA-S9,social,social,thsca-s9-day3,,,
14c4d982-ea91-4b94-9a29-808fb14c61b9,5a17cdee-d1f8-4424-8c97-01dedfb77489,gearboss,THSCA PS1 – Thank you + fast follow-up,Email,N/A (Owned),Athletics,Mark Mireles,GB-2026-THSCA-PS1,email,email,thsca-ps1-followup,,,
60f92db8-4710-4e99-8e62-201b8ab4c2f9,5a17cdee-d1f8-4424-8c97-01dedfb77489,gearboss,THSCA – Recap + winner,Social,N/A (Owned),Athletics,Mark Mireles,GB-2026-THSCA-S10,social,social,thsca-s10-recap,,,
799f9dd5-97a6-4196-8bbf-cd0f79fd213d,5a17cdee-d1f8-4424-8c97-01dedfb77489,gearboss,THSCA – Value: equipment-room checklist,Social,N/A (Owned),Athletics,Mark Mireles,GB-2026-THSCA-S11,social,social,thsca-s11-value,,,
72ae2533-c0af-4787-944c-a3872a185aca,5a17cdee-d1f8-4424-8c97-01dedfb77489,gearboss,THSCA PS2 – Value content,Email,N/A (Owned),Athletics,Mark Mireles,GB-2026-THSCA-PS2,email,email,thsca-ps2-value,,,
a93e3356-9a08-47b5-8412-d306b04b0e28,5a17cdee-d1f8-4424-8c97-01dedfb77489,gearboss,THSCA PS3 – Next-cycle nurture,Email,N/A (Owned),Athletics,Mark Mireles,GB-2026-THSCA-PS3,email,email,thsca-ps3-nextcycle,,,
